{"cameraMode":{"drawMode":0,"name":"Shaded","section":"Shading Mode"},"sceneLighting":true,"audioPlay":false,"sceneViewState":{"showFog":true,"showMaterialUpdate":false,"showSkybox":true,"showFlares":true,"showImageEffects":true,"showParticleSystems":true,"showVisualEffectGraphs":true,"m_FxEnabled":true},"in2DMode":false,"pivot":{"x":-22.714031219482423,"y":-23.905458450317384,"z":10.772185325622559},"rotation":{"x":-0.5267910361289978,"y":-0.0336318202316761,"z":0.020864753052592279,"w":-0.8490651249885559},"size":34.207801818847659,"orthographic":false}